study,subject_id,Extraversion,Agreeableness,Conscientiousness,Neuroticism,Openness
Study 1,0,2.6666666666666665,3.8333333333333335,2.6666666666666665,2.3333333333333335,3.1666666666666665
Study 1,1,3.3333333333333335,3.1666666666666665,3.5,2.8333333333333335,4.166666666666667
Study 1,2,4.166666666666667,2.8333333333333335,2.5,3.8333333333333335,3.8333333333333335
Study 1,3,2.3333333333333335,3.5,4.333333333333333,3.5,3.3333333333333335
Study 1,4,3.0,3.1666666666666665,2.8333333333333335,3.1666666666666665,4.0
Study 1,5,2.5,3.0,4.166666666666667,3.1666666666666665,3.3333333333333335
Study 1,6,3.3333333333333335,3.8333333333333335,3.3333333333333335,3.0,4.0
Study 1,7,3.6666666666666665,2.5,2.1666666666666665,2.6666666666666665,2.0
Study 1,8,4.5,4.5,4.166666666666667,3.3333333333333335,2.5
Study 1,9,3.8333333333333335,2.8333333333333335,3.3333333333333335,1.3333333333333333,4.333333333333333
Study 1,10,3.6666666666666665,4.0,3.1666666666666665,2.8333333333333335,4.166666666666667
Study 1,11,3.6666666666666665,3.3333333333333335,4.166666666666667,3.0,4.333333333333333
Study 1,12,3.5,3.1666666666666665,4.0,3.1666666666666665,3.6666666666666665
Study 1,13,2.3333333333333335,4.0,2.1666666666666665,2.5,3.5
Study 1,14,4.166666666666667,4.166666666666667,4.333333333333333,2.5,4.333333333333333
Study 1,15,1.5,2.5,3.6666666666666665,3.3333333333333335,2.6666666666666665
Study 1,16,4.0,4.333333333333333,4.166666666666667,2.6666666666666665,3.0
Study 1,17,2.3333333333333335,3.3333333333333335,3.1666666666666665,2.6666666666666665,3.5
Study 1,18,2.8333333333333335,3.6666666666666665,3.8333333333333335,3.6666666666666665,3.0
Study 1,19,3.5,4.166666666666667,3.5,2.8333333333333335,3.8333333333333335
Study 1,20,2.8333333333333335,4.833333333333333,4.0,2.5,3.1666666666666665
Study 1,21,5.0,3.0,4.833333333333333,1.6666666666666667,5.0
Study 1,22,3.6666666666666665,3.8333333333333335,4.0,2.1666666666666665,4.166666666666667
Study 1,23,2.6666666666666665,3.3333333333333335,4.166666666666667,3.5,3.3333333333333335
Study 1,24,4.833333333333333,3.8333333333333335,3.3333333333333335,1.0,2.6666666666666665
Study 1,25,4.333333333333333,2.5,2.3333333333333335,3.6666666666666665,4.0
Study 1,26,2.8333333333333335,4.166666666666667,3.0,2.8333333333333335,4.166666666666667
Study 1,27,3.8333333333333335,3.6666666666666665,2.8333333333333335,4.333333333333333,4.333333333333333
Study 1,28,2.6666666666666665,4.5,4.0,1.8333333333333333,3.1666666666666665
Study 1,29,4.833333333333333,4.333333333333333,3.8333333333333335,3.8333333333333335,4.5
Study 1,30,3.1666666666666665,4.166666666666667,3.1666666666666665,4.333333333333333,2.6666666666666665
Study 1,31,3.0,3.6666666666666665,3.5,2.3333333333333335,3.8333333333333335
Study 1,32,2.6666666666666665,3.3333333333333335,2.6666666666666665,2.5,2.3333333333333335
Study 1,33,2.5,3.8333333333333335,1.8333333333333333,5.0,3.0
Study 1,34,3.3333333333333335,4.0,4.666666666666667,2.0,2.6666666666666665
Study 1,35,2.8333333333333335,3.6666666666666665,3.3333333333333335,3.1666666666666665,3.0
Study 1,36,3.1666666666666665,2.8333333333333335,3.1666666666666665,4.166666666666667,2.5
Study 1,37,3.3333333333333335,2.5,4.166666666666667,2.3333333333333335,4.0
Study 1,38,4.0,3.0,4.833333333333333,3.1666666666666665,2.0
Study 1,39,2.5,4.166666666666667,3.6666666666666665,3.1666666666666665,4.333333333333333
Study 1,40,2.6666666666666665,2.6666666666666665,3.6666666666666665,4.166666666666667,3.5
Study 1,41,4.333333333333333,4.333333333333333,4.5,1.6666666666666667,4.166666666666667
Study 1,42,3.5,3.8333333333333335,3.0,3.1666666666666665,4.333333333333333
Study 1,43,3.3333333333333335,4.0,2.8333333333333335,2.1666666666666665,4.0
Study 1,44,3.3333333333333335,3.8333333333333335,3.5,3.5,2.8333333333333335
Study 1,45,3.0,3.0,4.333333333333333,3.6666666666666665,3.3333333333333335
Study 1,46,3.5,4.0,3.6666666666666665,2.1666666666666665,4.0
Study 1,47,3.1666666666666665,4.166666666666667,4.166666666666667,2.5,4.166666666666667
Study 1,48,2.8333333333333335,4.166666666666667,3.8333333333333335,3.8333333333333335,2.8333333333333335
Study 1,49,2.6666666666666665,3.3333333333333335,3.1666666666666665,4.166666666666667,3.6666666666666665
Study 1,50,3.3333333333333335,4.166666666666667,3.6666666666666665,2.3333333333333335,3.5
Study 1,51,4.0,4.0,3.8333333333333335,2.8333333333333335,3.1666666666666665
Study 1,52,2.8333333333333335,4.666666666666667,3.3333333333333335,2.8333333333333335,4.0
Study 1,53,4.5,2.8333333333333335,4.333333333333333,1.3333333333333333,5.0
Study 1,54,3.6666666666666665,3.5,4.166666666666667,1.5,2.0
Study 1,55,4.0,3.8333333333333335,3.3333333333333335,1.3333333333333333,4.833333333333333
Study 1,56,4.166666666666667,2.3333333333333335,3.0,4.666666666666667,3.0
Study 1,57,3.8333333333333335,3.5,3.0,1.8333333333333333,2.8333333333333335
Study 1,58,4.166666666666667,2.8333333333333335,2.6666666666666665,2.5,3.1666666666666665
Study 1,59,4.0,3.5,4.666666666666667,3.1666666666666665,2.3333333333333335
Study 1,60,2.5,3.5,3.0,4.333333333333333,3.1666666666666665
Study 1,61,2.5,3.5,2.1666666666666665,3.5,3.5
Study 1,62,3.0,3.1666666666666665,2.3333333333333335,2.3333333333333335,3.3333333333333335
Study 1,63,3.8333333333333335,3.6666666666666665,3.1666666666666665,2.8333333333333335,4.333333333333333
Study 1,64,2.5,2.3333333333333335,2.3333333333333335,4.0,2.6666666666666665
Study 1,65,3.5,4.5,4.333333333333333,2.3333333333333335,4.0
Study 1,66,4.0,4.5,4.166666666666667,3.0,3.6666666666666665
Study 1,67,3.5,3.3333333333333335,3.1666666666666665,2.5,3.5
Study 1,68,3.6666666666666665,2.5,2.6666666666666665,2.3333333333333335,2.8333333333333335
Study 1,69,3.0,2.6666666666666665,3.5,2.1666666666666665,3.6666666666666665
Study 1,70,3.8333333333333335,4.0,3.8333333333333335,3.5,4.333333333333333
Study 1,71,2.3333333333333335,4.0,3.0,4.5,3.1666666666666665
Study 1,72,2.6666666666666665,4.0,4.166666666666667,3.1666666666666665,4.166666666666667
Study 1,73,3.6666666666666665,4.5,3.6666666666666665,2.1666666666666665,4.666666666666667
Study 1,74,4.333333333333333,3.1666666666666665,3.1666666666666665,3.5,3.5
Study 1,75,4.166666666666667,4.5,4.833333333333333,1.8333333333333333,4.333333333333333
Study 1,76,4.166666666666667,2.3333333333333335,3.1666666666666665,1.5,2.6666666666666665
Study 1,77,4.333333333333333,4.833333333333333,3.3333333333333335,3.6666666666666665,2.6666666666666665
Study 1,78,4.0,4.333333333333333,3.8333333333333335,1.5,3.8333333333333335
Study 1,79,2.5,3.6666666666666665,3.6666666666666665,3.8333333333333335,3.3333333333333335
Study 1,80,4.333333333333333,3.3333333333333335,4.333333333333333,4.0,3.5
Study 1,81,2.6666666666666665,3.1666666666666665,3.5,4.5,4.333333333333333
Study 1,82,3.0,4.0,3.3333333333333335,3.3333333333333335,3.6666666666666665
Study 1,83,3.5,3.6666666666666665,3.3333333333333335,4.333333333333333,3.8333333333333335
Study 1,84,1.6666666666666667,3.6666666666666665,3.1666666666666665,3.3333333333333335,3.1666666666666665
Study 1,85,4.333333333333333,2.6666666666666665,3.5,2.5,2.8333333333333335
Study 1,86,2.6666666666666665,4.166666666666667,4.166666666666667,2.3333333333333335,3.3333333333333335
Study 1,87,2.8333333333333335,3.0,4.166666666666667,3.5,3.1666666666666665
Study 1,88,4.0,3.1666666666666665,3.5,2.8333333333333335,2.5
Study 1,89,2.5,3.3333333333333335,2.5,3.6666666666666665,2.6666666666666665
Study 1,90,3.6666666666666665,4.5,4.166666666666667,2.6666666666666665,2.8333333333333335
Study 1,91,3.1666666666666665,3.1666666666666665,3.8333333333333335,2.8333333333333335,4.333333333333333
Study 1,92,4.333333333333333,4.333333333333333,4.0,2.5,3.6666666666666665
Study 1,93,3.1666666666666665,3.8333333333333335,3.6666666666666665,3.1666666666666665,3.5
Study 1,94,2.5,3.3333333333333335,4.0,3.5,4.0
Study 1,95,4.166666666666667,2.1666666666666665,3.8333333333333335,3.0,3.3333333333333335
Study 1,96,2.3333333333333335,4.666666666666667,3.1666666666666665,1.8333333333333333,3.5
Study 1,97,4.166666666666667,4.333333333333333,3.6666666666666665,2.6666666666666665,3.6666666666666665
Study 1,98,2.6666666666666665,2.5,3.1666666666666665,3.1666666666666665,3.5
Study 1,99,2.8333333333333335,3.5,4.0,2.5,3.5
Study 1,100,4.0,3.3333333333333335,3.6666666666666665,3.0,3.0
Study 1,101,3.0,4.166666666666667,4.833333333333333,3.0,3.8333333333333335
Study 1,102,3.8333333333333335,4.333333333333333,3.1666666666666665,3.0,3.5
Study 1,103,1.8333333333333333,3.5,3.3333333333333335,3.0,2.1666666666666665
Study 1,104,3.1666666666666665,4.5,3.5,3.0,2.8333333333333335
Study 1,105,2.5,3.8333333333333335,3.6666666666666665,2.3333333333333335,3.0
Study 1,106,2.1666666666666665,3.6666666666666665,3.8333333333333335,3.3333333333333335,3.0
Study 1,107,2.8333333333333335,3.6666666666666665,4.333333333333333,2.1666666666666665,3.3333333333333335
Study 1,108,2.5,1.5,3.6666666666666665,4.5,2.8333333333333335
Study 1,109,3.8333333333333335,4.833333333333333,2.5,2.6666666666666665,2.6666666666666665
Study 1,110,3.3333333333333335,3.0,3.0,4.0,3.3333333333333335
Study 1,111,2.6666666666666665,4.166666666666667,4.0,2.0,3.3333333333333335
Study 1,112,4.0,4.166666666666667,3.3333333333333335,3.0,3.8333333333333335
Study 1,113,4.666666666666667,3.1666666666666665,3.8333333333333335,2.5,4.333333333333333
Study 1,114,3.3333333333333335,4.0,2.6666666666666665,2.1666666666666665,4.333333333333333
Study 1,115,4.666666666666667,3.3333333333333335,3.8333333333333335,2.0,3.1666666666666665
Study 1,116,3.8333333333333335,4.333333333333333,3.1666666666666665,2.1666666666666665,3.8333333333333335
Study 1,117,3.1666666666666665,3.6666666666666665,3.6666666666666665,2.8333333333333335,4.166666666666667
Study 1,118,4.333333333333333,4.166666666666667,4.5,2.3333333333333335,3.1666666666666665
Study 1,119,2.3333333333333335,3.5,3.3333333333333335,3.5,4.166666666666667
Study 1,120,3.5,3.8333333333333335,3.8333333333333335,3.5,3.0
Study 1,121,4.5,4.333333333333333,3.0,2.3333333333333335,3.5
Study 1,122,3.5,4.0,4.0,2.3333333333333335,4.5
Study 1,123,2.1666666666666665,4.5,3.5,4.833333333333333,4.0
Study 1,124,3.3333333333333335,4.833333333333333,3.3333333333333335,3.6666666666666665,4.5
Study 1,125,2.5,3.0,2.5,3.5,3.8333333333333335
Study 1,126,2.3333333333333335,4.333333333333333,3.6666666666666665,3.0,3.3333333333333335
Study 1,127,2.1666666666666665,4.0,3.8333333333333335,2.8333333333333335,3.5
Study 1,128,4.166666666666667,4.166666666666667,3.8333333333333335,2.1666666666666665,3.8333333333333335
Study 1,129,4.166666666666667,3.1666666666666665,4.166666666666667,2.6666666666666665,4.333333333333333
Study 1,130,3.8333333333333335,3.1666666666666665,1.8333333333333333,5.0,3.8333333333333335
Study 1,131,3.5,3.8333333333333335,2.3333333333333335,1.6666666666666667,4.333333333333333
Study 1,132,3.3333333333333335,4.166666666666667,3.5,1.1666666666666667,3.8333333333333335
Study 1,133,4.166666666666667,4.5,4.5,1.1666666666666667,3.6666666666666665
Study 1,134,3.6666666666666665,4.166666666666667,4.0,2.0,4.0
Study 1,135,3.6666666666666665,4.333333333333333,4.666666666666667,2.0,4.0
Study 1,136,3.0,2.8333333333333335,4.166666666666667,3.0,3.8333333333333335
Study 1,137,2.8333333333333335,4.0,4.0,2.5,2.5
Study 1,138,2.3333333333333335,3.8333333333333335,4.5,4.333333333333333,3.6666666666666665
Study 1,139,2.5,3.0,2.0,4.833333333333333,4.333333333333333
Study 1,140,2.1666666666666665,4.0,2.5,4.166666666666667,3.8333333333333335
Study 1,141,2.5,4.333333333333333,4.666666666666667,3.5,4.0
Study 1,142,2.6666666666666665,3.0,2.3333333333333335,3.3333333333333335,3.1666666666666665
Study 1,143,4.166666666666667,3.5,3.1666666666666665,4.0,3.6666666666666665
Study 1,144,2.0,3.8333333333333335,3.1666666666666665,3.8333333333333335,2.5
Study 1,145,3.0,3.1666666666666665,2.5,4.166666666666667,4.833333333333333
Study 1,146,3.1666666666666665,2.6666666666666665,3.3333333333333335,2.3333333333333335,3.8333333333333335
Study 1,147,2.6666666666666665,4.333333333333333,3.6666666666666665,3.3333333333333335,3.3333333333333335
Study 1,148,3.3333333333333335,4.0,4.0,2.0,3.8333333333333335
Study 1,149,4.333333333333333,3.6666666666666665,2.5,3.0,3.8333333333333335
Study 1,150,4.0,4.666666666666667,3.6666666666666665,3.5,3.3333333333333335
Study 1,151,1.8333333333333333,3.1666666666666665,4.0,2.1666666666666665,3.8333333333333335
Study 1,152,1.5,4.0,2.6666666666666665,4.333333333333333,3.0
Study 1,153,3.6666666666666665,2.5,4.166666666666667,3.0,3.5
Study 1,154,4.5,4.666666666666667,4.666666666666667,2.0,3.1666666666666665
Study 1,155,3.1666666666666665,4.5,4.0,4.5,4.166666666666667
Study 1,156,3.6666666666666665,3.5,2.3333333333333335,3.6666666666666665,3.3333333333333335
Study 1,157,3.6666666666666665,3.6666666666666665,2.3333333333333335,4.0,3.3333333333333335
Study 1,158,2.5,3.8333333333333335,4.666666666666667,3.1666666666666665,3.5
Study 1,159,3.8333333333333335,3.6666666666666665,3.5,1.6666666666666667,3.3333333333333335
Study 1,160,2.3333333333333335,3.1666666666666665,3.5,3.1666666666666665,3.8333333333333335
Study 1,161,2.3333333333333335,4.166666666666667,3.3333333333333335,2.3333333333333335,3.8333333333333335
Study 1,162,3.6666666666666665,4.833333333333333,3.0,1.5,4.0
Study 1,163,2.3333333333333335,4.0,3.5,4.0,3.1666666666666665
Study 1,164,2.6666666666666665,4.666666666666667,4.5,1.6666666666666667,4.0
Study 1,165,4.0,3.5,4.333333333333333,2.6666666666666665,3.6666666666666665
Study 1,166,3.1666666666666665,3.0,2.8333333333333335,1.5,2.8333333333333335
Study 1,167,3.1666666666666665,3.0,3.8333333333333335,4.166666666666667,3.6666666666666665
Study 1,168,4.166666666666667,4.833333333333333,3.6666666666666665,3.8333333333333335,3.6666666666666665
Study 1,169,3.8333333333333335,4.5,4.333333333333333,2.8333333333333335,3.6666666666666665
Study 1,170,4.0,3.0,4.166666666666667,2.3333333333333335,3.3333333333333335
Study 1,171,3.6666666666666665,3.8333333333333335,4.333333333333333,3.8333333333333335,4.5
Study 1,172,2.5,3.3333333333333335,3.0,4.166666666666667,3.6666666666666665
Study 1,173,3.3333333333333335,4.833333333333333,3.5,2.0,4.333333333333333
Study 1,174,2.1666666666666665,3.3333333333333335,3.0,3.8333333333333335,3.0
Study 1,175,3.8333333333333335,3.8333333333333335,3.5,3.6666666666666665,3.6666666666666665
Study 1,176,1.5,3.1666666666666665,3.6666666666666665,3.6666666666666665,3.6666666666666665
Study 1,177,2.8333333333333335,2.8333333333333335,3.1666666666666665,2.5,3.5
Study 1,178,2.6666666666666665,4.666666666666667,3.3333333333333335,4.0,4.0
Study 1,179,3.1666666666666665,2.8333333333333335,2.6666666666666665,4.5,3.5
Study 1,180,3.8333333333333335,4.333333333333333,3.1666666666666665,3.0,4.166666666666667
Study 1,181,3.6666666666666665,3.0,3.6666666666666665,4.333333333333333,3.6666666666666665
Study 1,182,2.8333333333333335,4.0,4.0,2.6666666666666665,3.5
Study 1,183,3.3333333333333335,3.8333333333333335,3.6666666666666665,2.6666666666666665,3.5
Study 1,184,3.8333333333333335,3.6666666666666665,2.6666666666666665,4.333333333333333,3.6666666666666665
Study 1,185,3.8333333333333335,3.3333333333333335,3.6666666666666665,3.0,3.8333333333333335
Study 1,186,3.1666666666666665,3.3333333333333335,3.1666666666666665,4.166666666666667,3.8333333333333335
Study 1,187,2.1666666666666665,3.6666666666666665,2.1666666666666665,4.0,3.1666666666666665
Study 1,188,2.8333333333333335,3.6666666666666665,2.6666666666666665,2.0,2.6666666666666665
Study 1,189,3.5,3.6666666666666665,4.333333333333333,4.333333333333333,3.3333333333333335
Study 1,190,3.1666666666666665,4.0,2.8333333333333335,2.6666666666666665,3.5
Study 1,191,2.5,4.5,3.0,2.5,3.5
Study 1,192,1.6666666666666667,3.5,2.6666666666666665,3.6666666666666665,4.0
Study 1,193,3.3333333333333335,4.0,2.8333333333333335,4.5,4.0
Study 1,194,3.5,4.333333333333333,3.1666666666666665,3.0,4.0
Study 1,195,3.8333333333333335,3.6666666666666665,3.1666666666666665,2.6666666666666665,3.6666666666666665
Study 1,196,3.5,3.3333333333333335,3.8333333333333335,2.1666666666666665,4.0
Study 1,197,3.8333333333333335,3.1666666666666665,3.3333333333333335,3.1666666666666665,3.0
Study 1,198,4.333333333333333,4.0,3.0,2.0,3.3333333333333335
Study 1,199,3.5,3.6666666666666665,2.3333333333333335,3.3333333333333335,3.5
Study 1,200,2.6666666666666665,1.8333333333333333,2.5,4.666666666666667,3.0
Study 1,201,2.8333333333333335,4.166666666666667,4.0,2.1666666666666665,2.5
Study 1,202,3.5,3.5,3.6666666666666665,2.6666666666666665,3.3333333333333335
Study 1,203,2.8333333333333335,3.0,3.8333333333333335,3.3333333333333335,4.333333333333333
Study 1,204,4.166666666666667,3.8333333333333335,3.1666666666666665,3.8333333333333335,4.0
Study 1,205,3.5,3.3333333333333335,4.166666666666667,4.333333333333333,3.6666666666666665
Study 1,206,2.1666666666666665,4.0,3.0,3.6666666666666665,3.3333333333333335
Study 1,207,2.0,3.0,2.8333333333333335,2.5,3.8333333333333335
Study 1,208,3.8333333333333335,3.5,2.5,3.6666666666666665,2.8333333333333335
Study 1,209,3.3333333333333335,4.5,4.166666666666667,2.8333333333333335,3.8333333333333335
Study 1,210,4.833333333333333,4.5,4.166666666666667,3.6666666666666665,4.166666666666667
Study 1,211,2.0,3.5,2.5,4.5,2.6666666666666665
Study 1,212,3.1666666666666665,3.6666666666666665,3.1666666666666665,2.3333333333333335,3.5
Study 1,213,3.1666666666666665,4.5,4.166666666666667,3.3333333333333335,3.8333333333333335
Study 1,214,3.0,3.0,3.6666666666666665,2.0,4.0
Study 1,215,4.666666666666667,4.166666666666667,4.166666666666667,3.0,4.0
Study 1,216,3.3333333333333335,4.333333333333333,3.8333333333333335,3.1666666666666665,4.166666666666667
Study 1,217,2.5,4.5,3.8333333333333335,3.3333333333333335,3.8333333333333335
Study 1,218,3.1666666666666665,3.8333333333333335,3.5,2.0,4.166666666666667
Study 1,219,3.3333333333333335,4.0,3.8333333333333335,2.0,4.333333333333333
Study 1,220,2.3333333333333335,4.0,3.1666666666666665,2.8333333333333335,4.0
Study 1,221,2.0,2.8333333333333335,3.0,3.8333333333333335,3.5
Study 1,222,4.0,4.5,2.6666666666666665,3.0,3.8333333333333335
Study 1,223,4.166666666666667,3.1666666666666665,3.6666666666666665,3.0,3.8333333333333335
Study 1,224,2.8333333333333335,3.3333333333333335,2.8333333333333335,3.3333333333333335,3.8333333333333335
Study 1,225,2.6666666666666665,3.1666666666666665,2.5,2.0,3.3333333333333335
Study 1,226,3.3333333333333335,3.6666666666666665,3.8333333333333335,2.3333333333333335,3.6666666666666665
Study 1,227,3.5,3.5,2.6666666666666665,3.5,3.1666666666666665
Study 1,228,3.5,4.5,4.666666666666667,2.1666666666666665,2.5
Study 1,229,2.3333333333333335,3.0,3.8333333333333335,4.666666666666667,3.3333333333333335
Study 1,230,2.0,3.1666666666666665,2.0,5.0,2.8333333333333335
Study 1,231,3.0,3.0,4.0,4.333333333333333,3.0
Study 1,232,3.8333333333333335,3.8333333333333335,4.333333333333333,1.8333333333333333,3.8333333333333335
Study 1,233,3.8333333333333335,4.166666666666667,3.5,2.3333333333333335,4.666666666666667
Study 1,234,3.1666666666666665,3.8333333333333335,3.5,4.0,3.1666666666666665
Study 1,235,3.3333333333333335,4.5,3.3333333333333335,3.0,3.8333333333333335
Study 1,236,3.3333333333333335,4.666666666666667,3.8333333333333335,3.5,4.0
Study 1,237,2.6666666666666665,2.8333333333333335,1.1666666666666667,5.0,4.333333333333333
Study 1,238,2.5,4.5,3.3333333333333335,3.5,4.0
Study 1,239,4.5,4.833333333333333,4.5,2.8333333333333335,3.8333333333333335
Study 1,240,3.5,3.8333333333333335,2.8333333333333335,2.6666666666666665,3.1666666666666665
Study 1,241,3.1666666666666665,4.0,4.333333333333333,2.6666666666666665,3.3333333333333335
Study 1,242,2.5,3.5,3.8333333333333335,2.1666666666666665,2.8333333333333335
Study 1,243,3.3333333333333335,4.5,3.3333333333333335,3.0,3.6666666666666665
Study 1,244,3.8333333333333335,3.8333333333333335,4.0,2.3333333333333335,2.8333333333333335
Study 1,245,2.6666666666666665,3.1666666666666665,3.0,3.3333333333333335,2.1666666666666665
Study 1,246,3.3333333333333335,2.5,4.5,2.0,4.166666666666667
Study 1,247,4.333333333333333,3.0,3.0,2.5,4.0
Study 1,248,4.166666666666667,4.166666666666667,4.0,3.1666666666666665,3.5
Study 1,249,2.0,3.0,2.8333333333333335,2.5,2.8333333333333335
Study 2,0,3.0,2.8333333333333335,2.6666666666666665,2.6666666666666665,3.1666666666666665
Study 2,1,2.3333333333333335,2.3333333333333335,2.8333333333333335,3.1666666666666665,3.5
Study 2,3,3.5,3.6666666666666665,2.8333333333333335,2.0,3.1666666666666665
Study 2,5,3.0,2.6666666666666665,3.1666666666666665,3.3333333333333335,3.5
Study 2,8,2.6666666666666665,2.6666666666666665,3.1666666666666665,2.8333333333333335,3.0
Study 2,9,2.8333333333333335,3.8333333333333335,3.3333333333333335,3.0,3.5
Study 2,11,3.0,3.0,3.0,3.0,3.0
Study 2,13,3.3333333333333335,3.5,4.833333333333333,4.166666666666667,4.333333333333333
Study 2,14,3.1666666666666665,2.6666666666666665,3.0,3.0,3.0
Study 2,15,2.8333333333333335,2.6666666666666665,3.1666666666666665,3.1666666666666665,3.5
Study 2,19,2.8333333333333335,3.3333333333333335,4.666666666666667,2.6666666666666665,4.5
Study 2,20,3.3333333333333335,3.1666666666666665,3.1666666666666665,3.0,2.5
Study 2,24,2.8333333333333335,3.1666666666666665,3.1666666666666665,2.8333333333333335,2.5
Study 2,25,2.3333333333333335,3.6666666666666665,3.5,3.0,3.0
Study 2,26,3.1666666666666665,2.6666666666666665,3.0,2.8333333333333335,3.5
Study 2,27,2.5,3.8333333333333335,3.5,2.0,2.6666666666666665
Study 2,28,2.6666666666666665,4.333333333333333,4.166666666666667,2.0,4.166666666666667
Study 2,29,3.0,3.3333333333333335,3.1666666666666665,3.0,3.1666666666666665
Study 2,32,3.3333333333333335,4.0,3.8333333333333335,2.3333333333333335,3.3333333333333335
Study 2,33,3.1666666666666665,3.0,3.1666666666666665,3.0,2.8333333333333335
Study 2,34,1.6666666666666667,2.3333333333333335,3.1666666666666665,3.0,3.8333333333333335
Study 2,35,2.1666666666666665,3.3333333333333335,3.3333333333333335,2.6666666666666665,4.333333333333333
Study 2,36,4.333333333333333,4.666666666666667,4.833333333333333,1.0,5.0
Study 2,37,2.8333333333333335,4.833333333333333,4.333333333333333,3.0,3.0
Study 2,38,2.3333333333333335,3.5,4.5,4.333333333333333,4.166666666666667
Study 2,39,3.3333333333333335,3.1666666666666665,3.1666666666666665,3.3333333333333335,3.0
Study 2,40,3.5,3.1666666666666665,3.0,3.0,3.1666666666666665
Study 2,41,3.3333333333333335,4.5,4.333333333333333,1.8333333333333333,4.5
Study 2,42,2.6666666666666665,3.0,3.3333333333333335,3.3333333333333335,3.5
Study 2,43,3.8333333333333335,2.3333333333333335,4.333333333333333,1.1666666666666667,4.333333333333333
Study 2,46,3.5,3.5,2.3333333333333335,2.0,4.0
Study 2,47,3.0,4.333333333333333,4.5,1.1666666666666667,2.6666666666666665
Study 2,48,5.0,4.166666666666667,4.5,1.8333333333333333,4.333333333333333
Study 2,49,3.1666666666666665,3.1666666666666665,2.5,3.1666666666666665,2.5
Study 2,50,4.0,3.8333333333333335,3.3333333333333335,1.0,3.5
Study 2,51,3.3333333333333335,3.5,2.5,2.6666666666666665,3.1666666666666665
Study 2,52,1.8333333333333333,3.0,2.3333333333333335,3.8333333333333335,3.3333333333333335
Study 2,53,2.8333333333333335,4.333333333333333,3.0,3.1666666666666665,4.333333333333333
Study 2,54,2.5,3.3333333333333335,3.0,2.3333333333333335,3.0
Study 2,55,2.8333333333333335,4.0,4.166666666666667,2.6666666666666665,3.6666666666666665
Study 2,56,4.166666666666667,4.666666666666667,4.666666666666667,1.3333333333333333,5.0
Study 2,57,3.1666666666666665,3.8333333333333335,3.3333333333333335,3.0,3.1666666666666665
Study 2,59,3.1666666666666665,2.5,3.1666666666666665,2.1666666666666665,2.6666666666666665
Study 2,60,3.5,3.0,2.6666666666666665,2.3333333333333335,3.0
Study 2,61,3.1666666666666665,3.6666666666666665,3.5,2.8333333333333335,2.6666666666666665
Study 2,63,2.5,3.0,4.833333333333333,3.8333333333333335,4.333333333333333
Study 2,64,2.6666666666666665,2.8333333333333335,3.5,2.5,3.5
Study 2,65,3.6666666666666665,4.166666666666667,4.5,1.6666666666666667,3.6666666666666665
Study 2,66,3.0,3.0,3.0,3.0,3.0
Study 2,67,3.1666666666666665,2.8333333333333335,4.0,3.8333333333333335,4.0
Study 2,68,1.8333333333333333,3.3333333333333335,3.8333333333333335,3.3333333333333335,2.8333333333333335
Study 2,69,3.1666666666666665,3.6666666666666665,3.6666666666666665,2.6666666666666665,3.3333333333333335
Study 2,70,3.1666666666666665,2.8333333333333335,3.3333333333333335,3.3333333333333335,3.1666666666666665
Study 2,71,2.8333333333333335,3.1666666666666665,3.5,3.6666666666666665,2.6666666666666665
Study 2,72,2.8333333333333335,2.5,3.0,3.1666666666666665,3.3333333333333335
Study 2,74,2.6666666666666665,3.5,2.5,1.8333333333333333,3.8333333333333335
Study 2,75,4.5,4.666666666666667,3.6666666666666665,1.6666666666666667,4.166666666666667
Study 2,76,1.8333333333333333,4.166666666666667,4.333333333333333,3.3333333333333335,4.666666666666667
Study 2,77,1.8333333333333333,2.6666666666666665,2.6666666666666665,3.6666666666666665,3.5
Study 2,78,3.6666666666666665,4.0,2.8333333333333335,1.5,4.0
Study 2,79,2.8333333333333335,3.6666666666666665,4.0,2.8333333333333335,4.166666666666667
Study 2,80,2.5,3.6666666666666665,4.0,3.0,3.6666666666666665
Study 2,81,4.166666666666667,2.8333333333333335,4.166666666666667,2.8333333333333335,4.333333333333333
Study 2,82,2.6666666666666665,4.333333333333333,4.833333333333333,2.8333333333333335,3.1666666666666665
Study 2,83,1.3333333333333333,3.1666666666666665,2.5,4.666666666666667,3.6666666666666665
Study 2,84,3.6666666666666665,4.166666666666667,4.166666666666667,1.1666666666666667,3.8333333333333335
Study 2,85,3.3333333333333335,4.0,4.0,1.6666666666666667,3.3333333333333335
Study 2,86,4.333333333333333,5.0,4.333333333333333,3.0,2.6666666666666665
Study 2,87,3.0,3.6666666666666665,3.0,2.6666666666666665,3.5
Study 2,88,2.5,3.6666666666666665,4.0,2.1666666666666665,4.666666666666667
Study 2,89,4.0,3.3333333333333335,2.6666666666666665,3.1666666666666665,4.0
Study 2,90,4.166666666666667,3.8333333333333335,3.1666666666666665,2.0,3.6666666666666665
Study 2,91,2.6666666666666665,2.8333333333333335,3.1666666666666665,3.8333333333333335,3.6666666666666665
Study 2,92,2.8333333333333335,3.1666666666666665,3.3333333333333335,2.8333333333333335,3.1666666666666665
Study 2,93,2.6666666666666665,4.333333333333333,3.5,1.8333333333333333,4.666666666666667
Study 2,94,4.833333333333333,4.833333333333333,4.833333333333333,1.0,4.5
Study 2,95,2.8333333333333335,4.166666666666667,3.5,4.833333333333333,3.8333333333333335
Study 2,96,4.666666666666667,4.666666666666667,4.833333333333333,1.6666666666666667,4.166666666666667
Study 2,97,3.0,4.0,3.0,2.6666666666666665,3.0
Study 2,98,3.1666666666666665,4.5,4.166666666666667,2.5,3.3333333333333335
Study 2,99,3.6666666666666665,3.8333333333333335,4.333333333333333,1.6666666666666667,3.0
Study 2,100,3.0,3.5,3.0,2.8333333333333335,2.5
Study 2,101,2.8333333333333335,3.0,3.0,3.0,2.8333333333333335
Study 2,102,3.8333333333333335,4.166666666666667,3.6666666666666665,2.3333333333333335,3.3333333333333335
Study 2,103,2.6666666666666665,3.0,3.3333333333333335,2.6666666666666665,2.5
Study 2,104,3.3333333333333335,3.8333333333333335,3.5,2.8333333333333335,5.0
Study 2,105,3.3333333333333335,3.1666666666666665,3.0,2.5,3.0
Study 2,106,2.0,3.8333333333333335,2.6666666666666665,2.5,4.166666666666667
Study 2,107,3.3333333333333335,3.8333333333333335,4.166666666666667,2.6666666666666665,3.6666666666666665
Study 2,109,4.0,4.333333333333333,4.333333333333333,2.1666666666666665,3.6666666666666665
Study 2,110,3.0,2.6666666666666665,3.6666666666666665,3.1666666666666665,2.3333333333333335
Study 2,111,3.3333333333333335,2.8333333333333335,3.0,2.8333333333333335,3.5
Study 2,113,3.1666666666666665,3.3333333333333335,3.8333333333333335,2.5,3.0
Study 2,114,3.1666666666666665,4.5,3.0,2.3333333333333335,4.666666666666667
Study 2,115,3.1666666666666665,4.0,3.5,2.6666666666666665,2.6666666666666665
Study 2,116,2.6666666666666665,4.666666666666667,4.166666666666667,2.6666666666666665,3.0
Study 2,117,4.833333333333333,3.0,4.666666666666667,2.5,4.166666666666667
Study 2,119,3.3333333333333335,4.0,4.166666666666667,1.8333333333333333,4.833333333333333
Study 2,120,2.6666666666666665,4.0,3.1666666666666665,3.1666666666666665,4.0
Study 2,121,2.6666666666666665,4.333333333333333,4.333333333333333,2.3333333333333335,3.8333333333333335
Study 2,122,2.3333333333333335,3.5,4.333333333333333,2.5,3.8333333333333335
Study 2,123,3.3333333333333335,4.166666666666667,4.166666666666667,3.5,4.0
Study 2,124,1.8333333333333333,4.833333333333333,3.8333333333333335,2.0,4.333333333333333
Study 2,126,4.5,5.0,4.0,1.3333333333333333,3.8333333333333335
Study 2,127,3.1666666666666665,3.3333333333333335,3.6666666666666665,2.0,4.0
Study 2,128,3.5,3.3333333333333335,3.6666666666666665,2.8333333333333335,3.0
Study 2,129,3.0,2.6666666666666665,3.0,3.0,3.5
Study 2,130,3.1666666666666665,3.3333333333333335,2.8333333333333335,2.6666666666666665,2.8333333333333335
Study 2,131,2.6666666666666665,3.0,2.8333333333333335,2.6666666666666665,3.3333333333333335
Study 2,132,2.6666666666666665,2.8333333333333335,3.5,2.3333333333333335,3.1666666666666665
Study 2,133,3.3333333333333335,4.333333333333333,4.166666666666667,1.6666666666666667,3.3333333333333335
Study 2,134,3.8333333333333335,4.833333333333333,4.333333333333333,1.8333333333333333,3.6666666666666665
Study 2,135,2.8333333333333335,3.1666666666666665,3.5,2.5,2.5
Study 2,136,2.0,4.166666666666667,3.5,3.3333333333333335,3.1666666666666665
Study 2,138,2.6666666666666665,3.8333333333333335,3.8333333333333335,2.3333333333333335,4.166666666666667
Study 2,139,4.0,3.8333333333333335,3.8333333333333335,1.8333333333333333,4.166666666666667
Study 2,140,3.0,3.3333333333333335,3.0,3.1666666666666665,3.0
Study 2,142,2.6666666666666665,3.6666666666666665,3.8333333333333335,2.0,4.166666666666667
Study 2,143,4.0,4.0,4.166666666666667,2.1666666666666665,3.3333333333333335
Study 2,144,3.3333333333333335,2.8333333333333335,3.0,3.0,3.1666666666666665
Study 2,145,3.3333333333333335,4.333333333333333,4.0,2.0,2.5
Study 2,146,3.8333333333333335,5.0,5.0,1.1666666666666667,4.0
Study 2,147,3.0,3.3333333333333335,3.6666666666666665,2.3333333333333335,2.6666666666666665
Study 2,148,3.0,3.8333333333333335,3.3333333333333335,2.8333333333333335,2.8333333333333335
Study 2,149,3.5,5.0,5.0,1.1666666666666667,4.833333333333333
Study 2,150,4.5,4.333333333333333,4.333333333333333,1.5,4.666666666666667
Study 2,151,1.8333333333333333,4.833333333333333,3.0,3.6666666666666665,4.5
Study 2,152,3.1666666666666665,2.6666666666666665,3.5,3.8333333333333335,3.1666666666666665
Study 2,153,3.0,2.5,2.8333333333333335,2.3333333333333335,3.3333333333333335
Study 2,154,3.8333333333333335,4.0,4.333333333333333,1.8333333333333333,4.166666666666667
Study 2,155,3.5,4.0,3.1666666666666665,1.8333333333333333,4.166666666666667
Study 2,156,2.1666666666666665,4.666666666666667,4.0,3.0,2.6666666666666665
Study 2,157,1.3333333333333333,3.1666666666666665,4.333333333333333,3.1666666666666665,3.6666666666666665
Study 2,158,2.3333333333333335,2.8333333333333335,2.8333333333333335,3.0,3.8333333333333335
Study 2,160,4.0,4.0,4.5,1.5,4.333333333333333
Study 2,161,2.8333333333333335,3.3333333333333335,3.8333333333333335,2.5,3.3333333333333335
Study 2,162,3.3333333333333335,3.1666666666666665,3.3333333333333335,3.1666666666666665,2.6666666666666665
Study 2,163,1.8333333333333333,4.333333333333333,3.1666666666666665,2.6666666666666665,2.0
Study 2,164,3.8333333333333335,3.6666666666666665,3.6666666666666665,2.5,3.0
Study 2,165,3.6666666666666665,4.0,4.0,2.0,4.0
Study 2,166,3.5,3.0,3.1666666666666665,3.3333333333333335,2.8333333333333335
Study 2,168,3.0,3.0,2.8333333333333335,2.8333333333333335,3.3333333333333335
Study 2,169,2.6666666666666665,4.0,3.3333333333333335,3.1666666666666665,2.8333333333333335
Study 2,170,2.6666666666666665,4.0,4.0,2.0,3.8333333333333335
Study 2,171,2.6666666666666665,2.8333333333333335,3.3333333333333335,3.1666666666666665,2.5
Study 2,172,3.5,4.0,3.6666666666666665,2.0,4.0
Study 2,173,3.5,3.8333333333333335,5.0,1.6666666666666667,4.5
Study 2,174,4.0,4.0,3.8333333333333335,2.6666666666666665,3.5
Study 2,175,2.8333333333333335,3.5,3.0,2.5,2.8333333333333335
Study 2,177,1.5,3.5,1.6666666666666667,4.5,1.8333333333333333
Study 2,178,3.6666666666666665,5.0,5.0,1.3333333333333333,4.166666666666667
Study 2,180,2.0,3.6666666666666665,4.333333333333333,2.3333333333333335,3.3333333333333335
Study 2,181,1.5,4.166666666666667,3.0,4.0,3.3333333333333335
Study 2,182,3.5,4.166666666666667,4.0,2.0,3.5
Study 2,183,3.0,4.666666666666667,4.333333333333333,2.3333333333333335,5.0
Study 2,184,3.5,4.166666666666667,4.333333333333333,1.6666666666666667,4.0
Study 2,186,2.1666666666666665,4.333333333333333,2.6666666666666665,3.1666666666666665,2.8333333333333335
Study 2,187,3.6666666666666665,4.0,3.6666666666666665,2.6666666666666665,3.6666666666666665
Study 2,188,3.0,4.0,3.3333333333333335,2.1666666666666665,3.3333333333333335
Study 2,189,2.8333333333333335,2.8333333333333335,3.1666666666666665,2.6666666666666665,3.0
Study 2,191,3.3333333333333335,3.6666666666666665,3.6666666666666665,2.8333333333333335,3.5
Study 2,192,1.8333333333333333,3.8333333333333335,2.5,2.8333333333333335,3.8333333333333335
Study 2,193,3.1666666666666665,3.1666666666666665,3.0,3.0,3.0
Study 2,194,1.5,4.0,4.833333333333333,4.666666666666667,1.5
Study 2,195,3.3333333333333335,3.0,3.8333333333333335,2.0,3.3333333333333335
Study 2,196,2.6666666666666665,3.1666666666666665,3.3333333333333335,2.3333333333333335,3.0
Study 2,197,4.0,4.5,4.166666666666667,1.8333333333333333,5.0
Study 2,198,1.8333333333333333,3.6666666666666665,2.8333333333333335,1.1666666666666667,1.0
Study 2,199,2.8333333333333335,2.6666666666666665,2.8333333333333335,1.8333333333333333,3.3333333333333335
Study 2,201,2.0,4.666666666666667,4.166666666666667,3.3333333333333335,4.333333333333333
Study 2,202,4.5,3.6666666666666665,3.5,3.0,4.5
Study 2,203,2.1666666666666665,3.0,3.1666666666666665,2.3333333333333335,3.3333333333333335
Study 2,204,3.0,3.8333333333333335,4.0,2.5,3.0
Study 2,205,4.0,3.6666666666666665,3.1666666666666665,2.8333333333333335,3.6666666666666665
Study 2,206,2.1666666666666665,3.6666666666666665,4.5,1.8333333333333333,2.3333333333333335
Study 2,207,4.166666666666667,4.833333333333333,5.0,1.0,4.5
Study 2,208,3.3333333333333335,3.5,2.8333333333333335,1.8333333333333333,3.0
Study 2,209,4.5,3.8333333333333335,4.0,1.6666666666666667,4.5
Study 2,210,3.3333333333333335,3.3333333333333335,2.8333333333333335,3.5,3.5
Study 2,211,3.1666666666666665,2.1666666666666665,3.5,2.5,4.666666666666667
Study 2,212,3.3333333333333335,3.0,2.6666666666666665,3.3333333333333335,3.1666666666666665
Study 2,213,4.166666666666667,5.0,5.0,1.0,4.333333333333333
Study 2,214,3.3333333333333335,3.6666666666666665,4.666666666666667,2.0,3.8333333333333335
Study 2,215,3.1666666666666665,2.8333333333333335,3.1666666666666665,2.6666666666666665,2.8333333333333335
Study 2,216,3.8333333333333335,2.3333333333333335,3.5,4.0,2.6666666666666665
Study 2,217,2.8333333333333335,2.8333333333333335,3.1666666666666665,3.1666666666666665,3.0
Study 2,218,3.0,3.0,3.0,3.0,3.0
Study 2,219,3.1666666666666665,3.1666666666666665,3.3333333333333335,2.8333333333333335,3.1666666666666665
Study 2,220,3.3333333333333335,4.666666666666667,4.833333333333333,1.1666666666666667,4.833333333333333
Study 2,221,3.5,3.0,3.6666666666666665,2.1666666666666665,4.333333333333333
Study 2,222,1.1666666666666667,2.8333333333333335,3.6666666666666665,3.8333333333333335,3.1666666666666665
Study 2,223,2.8333333333333335,4.666666666666667,4.666666666666667,1.8333333333333333,4.333333333333333
Study 2,224,2.8333333333333335,3.6666666666666665,3.6666666666666665,2.6666666666666665,3.8333333333333335
Study 2,226,3.1666666666666665,4.166666666666667,4.166666666666667,2.3333333333333335,3.0
Study 2,227,3.0,3.0,3.0,3.0,3.0
Study 2,228,2.5,4.0,2.5,2.5,4.666666666666667
Study 2,229,2.5,3.6666666666666665,2.5,3.5,4.833333333333333
Study 2,230,2.8333333333333335,4.333333333333333,5.0,1.5,4.333333333333333
Study 2,231,3.0,3.6666666666666665,4.0,2.8333333333333335,4.0
Study 2,234,2.3333333333333335,4.833333333333333,3.5,2.6666666666666665,4.666666666666667
Study 2,235,3.5,3.6666666666666665,4.0,2.6666666666666665,3.1666666666666665
Study 2,236,2.5,2.6666666666666665,3.1666666666666665,3.1666666666666665,3.1666666666666665
Study 2,237,2.5,4.166666666666667,3.3333333333333335,3.0,3.5
Study 2,238,2.0,4.166666666666667,4.333333333333333,2.3333333333333335,3.8333333333333335
Study 2,239,2.0,4.0,3.5,2.6666666666666665,2.3333333333333335
Study 2,240,2.3333333333333335,3.0,2.8333333333333335,3.0,3.0
Study 2,241,3.6666666666666665,4.0,4.666666666666667,1.3333333333333333,4.166666666666667
Study 2,242,3.0,2.6666666666666665,2.5,3.0,2.8333333333333335
Study 2,243,2.3333333333333335,4.166666666666667,3.3333333333333335,1.8333333333333333,3.3333333333333335
Study 2,244,3.3333333333333335,3.6666666666666665,2.8333333333333335,3.0,3.1666666666666665
Study 2,245,3.8333333333333335,4.833333333333333,5.0,2.3333333333333335,3.5
Study 2,246,3.8333333333333335,4.0,4.166666666666667,2.1666666666666665,3.0
Study 2,247,2.6666666666666665,3.3333333333333335,3.5,3.0,2.8333333333333335
Study 2,248,2.1666666666666665,4.0,3.1666666666666665,3.1666666666666665,3.6666666666666665
Study 2,249,4.5,4.333333333333333,4.5,1.1666666666666667,4.166666666666667
Study 2,250,2.5,2.0,4.333333333333333,3.6666666666666665,4.166666666666667
Study 2,251,2.0,3.0,2.1666666666666665,2.8333333333333335,3.8333333333333335
Study 2,252,3.3333333333333335,3.0,3.3333333333333335,2.6666666666666665,2.8333333333333335
Study 2,253,3.0,4.166666666666667,4.833333333333333,1.6666666666666667,4.166666666666667
Study 2,254,3.3333333333333335,4.0,3.8333333333333335,2.1666666666666665,3.6666666666666665
Study 2,255,2.8333333333333335,3.0,2.6666666666666665,2.6666666666666665,3.3333333333333335
Study 2,256,3.3333333333333335,4.0,3.5,2.8333333333333335,3.0
Study 2,257,3.3333333333333335,3.0,3.6666666666666665,3.1666666666666665,3.3333333333333335
Study 2,258,2.5,3.1666666666666665,3.3333333333333335,3.1666666666666665,3.1666666666666665
Study 2,259,3.3333333333333335,4.0,3.8333333333333335,2.5,3.8333333333333335
Study 2,261,2.6666666666666665,4.0,3.5,3.0,3.1666666666666665
Study 2,262,3.0,3.0,3.1666666666666665,3.0,3.0
Study 2,263,3.8333333333333335,4.666666666666667,3.8333333333333335,4.0,3.0
Study 2,264,3.0,3.5,2.8333333333333335,3.3333333333333335,3.1666666666666665
Study 2,265,2.6666666666666665,2.8333333333333335,3.5,3.3333333333333335,2.8333333333333335
Study 2,266,2.8333333333333335,3.0,2.6666666666666665,3.3333333333333335,3.0
Study 2,267,3.1666666666666665,2.8333333333333335,3.1666666666666665,3.1666666666666665,2.8333333333333335
Study 2,269,3.1666666666666665,3.3333333333333335,2.8333333333333335,2.8333333333333335,3.0
Study 2,271,2.8333333333333335,3.0,2.5,2.5,2.8333333333333335
Study 2,272,3.3333333333333335,3.0,3.1666666666666665,3.1666666666666665,3.0
Study 2,274,3.5,2.6666666666666665,3.0,3.0,3.3333333333333335
Study 2,275,3.1666666666666665,3.1666666666666665,3.1666666666666665,3.1666666666666665,3.3333333333333335
Study 2,278,3.1666666666666665,3.5,3.5,2.0,3.0
Study 2,281,3.0,3.0,2.5,2.8333333333333335,3.0
Study 2,282,3.6666666666666665,4.0,4.0,2.0,3.6666666666666665
Study 2,284,3.3333333333333335,3.0,2.6666666666666665,3.1666666666666665,3.1666666666666665
Study 2,289,3.0,3.0,3.0,3.0,3.0
Study 3,0,3.5,4.0,4.0,1.1666666666666667,4.166666666666667
Study 3,1,1.5,3.6666666666666665,3.5,5.0,4.333333333333333
Study 3,2,2.0,3.8333333333333335,2.6666666666666665,3.8333333333333335,4.333333333333333
Study 3,3,2.6666666666666665,2.6666666666666665,2.5,2.8333333333333335,4.0
Study 3,4,1.5,4.333333333333333,2.5,2.6666666666666665,2.8333333333333335
Study 3,6,2.8333333333333335,3.1666666666666665,3.3333333333333335,3.1666666666666665,3.0
Study 3,7,4.333333333333333,4.5,4.5,1.5,4.5
Study 3,8,3.3333333333333335,2.5,3.6666666666666665,3.1666666666666665,2.1666666666666665
Study 3,9,3.0,3.0,2.6666666666666665,3.6666666666666665,2.8333333333333335
Study 3,10,4.0,3.6666666666666665,3.0,3.0,3.1666666666666665
Study 3,12,2.6666666666666665,2.8333333333333335,3.8333333333333335,2.5,3.3333333333333335
Study 3,13,2.5,3.3333333333333335,3.6666666666666665,3.0,4.166666666666667
Study 3,14,3.0,4.333333333333333,4.5,1.3333333333333333,3.8333333333333335
Study 3,15,2.8333333333333335,3.1666666666666665,2.3333333333333335,2.3333333333333335,2.6666666666666665
Study 3,16,4.0,4.0,4.333333333333333,2.5,2.8333333333333335
Study 3,17,1.6666666666666667,2.6666666666666665,2.0,4.666666666666667,4.666666666666667
Study 3,19,2.8333333333333335,2.5,3.3333333333333335,3.1666666666666665,3.5
Study 3,20,2.6666666666666665,2.8333333333333335,3.3333333333333335,3.3333333333333335,3.5
Study 3,21,3.0,3.0,4.0,2.0,3.3333333333333335
Study 3,23,2.8333333333333335,3.1666666666666665,2.5,3.0,3.3333333333333335
Study 3,24,3.0,1.6666666666666667,3.8333333333333335,2.1666666666666665,2.8333333333333335
Study 3,25,1.8333333333333333,2.6666666666666665,2.8333333333333335,4.166666666666667,3.8333333333333335
Study 3,26,3.1666666666666665,3.1666666666666665,2.3333333333333335,3.0,3.5
Study 3,27,2.1666666666666665,1.8333333333333333,2.3333333333333335,3.0,3.0
Study 3,28,3.3333333333333335,3.3333333333333335,2.1666666666666665,4.666666666666667,4.833333333333333
Study 3,29,2.3333333333333335,3.1666666666666665,2.6666666666666665,3.1666666666666665,3.6666666666666665
Study 3,30,2.1666666666666665,3.6666666666666665,3.6666666666666665,4.166666666666667,4.0
Study 3,31,1.8333333333333333,4.333333333333333,4.0,2.8333333333333335,3.8333333333333335
Study 3,32,2.5,4.0,3.0,2.6666666666666665,3.8333333333333335
Study 3,33,4.166666666666667,4.166666666666667,4.5,1.3333333333333333,3.8333333333333335
Study 3,34,2.8333333333333335,3.0,3.1666666666666665,4.0,4.166666666666667
Study 3,35,1.8333333333333333,3.1666666666666665,2.3333333333333335,3.5,4.0
Study 3,36,4.166666666666667,3.6666666666666665,3.8333333333333335,1.1666666666666667,4.333333333333333
Study 3,37,2.8333333333333335,2.8333333333333335,2.6666666666666665,3.0,3.1666666666666665
Study 3,38,2.0,4.333333333333333,2.3333333333333335,3.6666666666666665,3.8333333333333335
Study 3,39,2.6666666666666665,2.1666666666666665,3.3333333333333335,1.0,4.166666666666667
Study 3,40,4.0,4.0,4.333333333333333,1.1666666666666667,3.8333333333333335
Study 3,41,3.0,3.8333333333333335,3.0,3.5,4.333333333333333
Study 3,42,3.1666666666666665,3.0,4.833333333333333,1.6666666666666667,4.333333333333333
Study 3,43,3.8333333333333335,4.166666666666667,3.8333333333333335,1.6666666666666667,4.166666666666667
Study 3,44,3.6666666666666665,3.3333333333333335,4.0,2.0,3.3333333333333335
Study 3,45,2.3333333333333335,3.0,3.3333333333333335,3.6666666666666665,3.8333333333333335
Study 3,47,5.0,5.0,5.0,1.0,5.0
Study 3,48,2.6666666666666665,2.8333333333333335,2.5,2.5,3.5
Study 3,49,2.3333333333333335,4.0,3.5,2.6666666666666665,4.333333333333333
Study 3,51,3.0,4.0,4.666666666666667,2.1666666666666665,3.3333333333333335
Study 3,52,3.1666666666666665,3.5,3.1666666666666665,3.1666666666666665,2.8333333333333335
Study 3,53,3.5,3.8333333333333335,4.0,2.1666666666666665,3.8333333333333335
Study 3,54,2.6666666666666665,4.5,3.8333333333333335,4.166666666666667,4.5
Study 3,55,3.6666666666666665,3.5,3.3333333333333335,3.6666666666666665,3.5
Study 3,56,2.3333333333333335,3.0,4.0,3.6666666666666665,3.6666666666666665
Study 3,57,2.3333333333333335,2.6666666666666665,3.0,1.8333333333333333,4.833333333333333
Study 3,58,2.3333333333333335,5.0,4.0,2.8333333333333335,4.833333333333333
Study 3,59,2.6666666666666665,2.8333333333333335,3.0,2.8333333333333335,3.0
Study 3,60,2.8333333333333335,5.0,3.8333333333333335,2.1666666666666665,5.0
Study 3,61,3.6666666666666665,4.5,4.333333333333333,1.1666666666666667,4.666666666666667
Study 3,62,2.1666666666666665,3.1666666666666665,2.8333333333333335,3.6666666666666665,2.6666666666666665
Study 3,63,2.5,3.3333333333333335,3.1666666666666665,3.3333333333333335,3.3333333333333335
Study 3,64,2.6666666666666665,3.5,3.0,1.6666666666666667,3.3333333333333335
Study 3,65,2.0,3.0,3.5,3.3333333333333335,4.0
Study 3,67,3.5,3.8333333333333335,4.0,2.0,4.333333333333333
Study 3,68,2.8333333333333335,2.3333333333333335,3.0,2.5,2.1666666666666665
Study 3,69,5.0,3.3333333333333335,4.333333333333333,1.1666666666666667,4.166666666666667
Study 3,70,2.8333333333333335,3.1666666666666665,2.5,3.0,3.5
Study 3,71,3.3333333333333335,4.0,5.0,2.3333333333333335,4.333333333333333
Study 3,72,2.0,3.5,2.8333333333333335,2.8333333333333335,4.333333333333333
Study 3,73,3.5,2.8333333333333335,3.0,2.3333333333333335,2.6666666666666665
Study 3,74,3.1666666666666665,3.0,3.3333333333333335,2.8333333333333335,2.8333333333333335
Study 3,75,4.333333333333333,4.0,3.0,1.8333333333333333,5.0
Study 3,76,4.0,3.3333333333333335,3.5,3.1666666666666665,3.8333333333333335
Study 3,77,1.3333333333333333,3.6666666666666665,2.8333333333333335,3.1666666666666665,2.6666666666666665
Study 3,78,2.8333333333333335,3.0,3.0,3.0,3.1666666666666665
Study 3,79,2.3333333333333335,2.1666666666666665,2.0,3.0,3.3333333333333335
Study 3,80,4.0,4.166666666666667,4.5,1.5,3.8333333333333335
Study 3,81,2.1666666666666665,3.6666666666666665,3.3333333333333335,2.1666666666666665,3.8333333333333335
Study 3,83,1.8333333333333333,3.8333333333333335,2.8333333333333335,4.333333333333333,4.166666666666667
Study 3,84,2.5,3.0,4.166666666666667,3.8333333333333335,2.1666666666666665
Study 3,85,3.0,4.333333333333333,4.0,1.1666666666666667,4.5
Study 3,87,5.0,1.3333333333333333,3.8333333333333335,1.0,3.8333333333333335
Study 3,88,3.6666666666666665,3.5,3.5,1.5,4.333333333333333
Study 3,89,4.166666666666667,3.3333333333333335,3.8333333333333335,2.0,4.0
Study 3,90,3.0,4.0,3.0,3.1666666666666665,4.5
Study 3,91,3.1666666666666665,2.1666666666666665,2.5,2.5,3.8333333333333335
Study 3,92,2.3333333333333335,4.166666666666667,3.5,2.8333333333333335,2.6666666666666665
Study 3,93,2.3333333333333335,5.0,4.5,1.8333333333333333,5.0
Study 3,94,1.5,3.1666666666666665,3.3333333333333335,3.6666666666666665,3.5
Study 3,95,4.5,4.5,3.3333333333333335,2.1666666666666665,4.166666666666667
Study 3,96,3.1666666666666665,3.8333333333333335,1.6666666666666667,2.1666666666666665,4.5
Study 3,97,3.1666666666666665,4.666666666666667,4.833333333333333,1.1666666666666667,3.3333333333333335
Study 3,98,2.1666666666666665,4.166666666666667,2.8333333333333335,4.833333333333333,4.0
Study 3,99,2.0,2.3333333333333335,2.6666666666666665,3.8333333333333335,3.6666666666666665
Study 3,100,3.3333333333333335,3.8333333333333335,3.6666666666666665,2.8333333333333335,3.1666666666666665
Study 3,101,2.8333333333333335,4.0,4.0,3.5,4.166666666666667
Study 3,102,1.5,3.0,3.6666666666666665,2.5,3.8333333333333335
Study 3,103,3.1666666666666665,3.6666666666666665,3.5,2.3333333333333335,3.1666666666666665
Study 3,105,2.8333333333333335,3.6666666666666665,3.1666666666666665,3.0,2.8333333333333335
Study 3,106,3.6666666666666665,3.3333333333333335,3.3333333333333335,2.5,5.0
Study 3,107,4.0,4.0,4.166666666666667,2.6666666666666665,3.8333333333333335
Study 3,108,2.6666666666666665,4.0,3.6666666666666665,2.5,3.6666666666666665
Study 3,110,3.1666666666666665,3.8333333333333335,3.3333333333333335,2.6666666666666665,3.1666666666666665
Study 3,111,2.8333333333333335,3.0,3.5,3.0,4.333333333333333
Study 3,112,2.3333333333333335,2.5,3.3333333333333335,2.8333333333333335,2.6666666666666665
Study 3,113,1.5,3.6666666666666665,2.1666666666666665,4.833333333333333,4.833333333333333
Study 3,114,3.1666666666666665,3.0,3.1666666666666665,2.8333333333333335,2.8333333333333335
Study 3,115,2.6666666666666665,4.0,2.6666666666666665,3.3333333333333335,4.0
Study 3,116,2.6666666666666665,3.8333333333333335,2.8333333333333335,3.5,4.166666666666667
Study 3,117,1.6666666666666667,3.1666666666666665,2.0,4.0,3.1666666666666665
Study 3,118,2.8333333333333335,4.166666666666667,2.8333333333333335,2.1666666666666665,4.5
Study 3,119,1.8333333333333333,1.6666666666666667,4.166666666666667,3.3333333333333335,3.0
Study 3,120,2.6666666666666665,4.333333333333333,4.333333333333333,2.6666666666666665,4.5
Study 3,121,3.3333333333333335,3.1666666666666665,3.3333333333333335,3.1666666666666665,4.166666666666667
Study 3,122,3.3333333333333335,4.0,3.1666666666666665,1.8333333333333333,4.166666666666667
Study 3,123,3.6666666666666665,4.0,3.1666666666666665,2.8333333333333335,4.333333333333333
Study 3,124,3.8333333333333335,3.5,4.833333333333333,1.0,3.5
Study 3,125,3.1666666666666665,4.166666666666667,4.166666666666667,3.8333333333333335,3.8333333333333335
Study 3,126,3.3333333333333335,3.6666666666666665,4.0,2.1666666666666665,3.6666666666666665
Study 3,127,4.166666666666667,4.833333333333333,5.0,2.0,3.8333333333333335
Study 3,128,3.5,4.0,3.6666666666666665,2.0,3.6666666666666665
Study 3,129,2.0,4.0,3.6666666666666665,2.6666666666666665,4.166666666666667
Study 3,130,3.3333333333333335,4.0,3.3333333333333335,2.8333333333333335,4.333333333333333
Study 3,131,2.8333333333333335,3.6666666666666665,1.6666666666666667,3.8333333333333335,3.6666666666666665
Study 3,132,2.0,3.8333333333333335,2.8333333333333335,3.6666666666666665,4.833333333333333
Study 3,134,1.0,4.0,3.5,4.5,4.166666666666667
Study 3,135,2.1666666666666665,4.0,4.5,3.0,4.0
Study 3,136,1.1666666666666667,3.8333333333333335,4.333333333333333,3.5,3.8333333333333335
Study 3,137,3.6666666666666665,3.1666666666666665,3.1666666666666665,4.833333333333333,2.8333333333333335
Study 3,138,2.3333333333333335,4.0,2.6666666666666665,3.5,4.333333333333333
Study 3,139,3.1666666666666665,3.3333333333333335,3.3333333333333335,2.3333333333333335,3.0
Study 3,140,2.3333333333333335,4.166666666666667,2.8333333333333335,3.6666666666666665,4.833333333333333
Study 3,141,1.8333333333333333,3.8333333333333335,2.0,3.8333333333333335,3.6666666666666665
Study 3,142,2.6666666666666665,3.5,4.333333333333333,2.5,3.3333333333333335
Study 3,143,4.0,3.5,3.5,2.6666666666666665,4.166666666666667
Study 3,144,2.6666666666666665,3.1666666666666665,1.8333333333333333,3.6666666666666665,4.333333333333333
Study 3,145,2.1666666666666665,3.6666666666666665,4.666666666666667,3.0,2.5
Study 3,146,3.1666666666666665,3.1666666666666665,2.8333333333333335,3.0,2.8333333333333335
Study 3,147,4.166666666666667,5.0,4.5,2.1666666666666665,5.0
Study 3,148,2.0,3.0,3.1666666666666665,4.166666666666667,4.5
Study 3,149,3.5,4.166666666666667,4.166666666666667,1.5,4.333333333333333
Study 3,150,2.0,4.0,2.3333333333333335,3.0,4.833333333333333
Study 3,151,2.0,3.6666666666666665,4.666666666666667,3.8333333333333335,5.0
Study 3,152,3.1666666666666665,3.3333333333333335,4.0,3.0,3.6666666666666665
Study 3,153,4.0,2.8333333333333335,3.1666666666666665,2.6666666666666665,2.8333333333333335
Study 3,154,2.0,3.0,3.1666666666666665,3.0,3.8333333333333335
Study 3,155,2.6666666666666665,4.333333333333333,4.166666666666667,2.5,2.6666666666666665
Study 3,156,3.1666666666666665,3.3333333333333335,2.8333333333333335,3.1666666666666665,2.5
Study 3,157,3.3333333333333335,3.5,3.5,2.8333333333333335,2.5
Study 3,158,4.0,4.0,3.8333333333333335,2.0,3.6666666666666665
Study 3,159,3.0,3.1666666666666665,2.8333333333333335,2.8333333333333335,2.8333333333333335
Study 3,161,3.3333333333333335,4.0,4.0,2.5,3.6666666666666665
Study 3,162,3.0,4.833333333333333,2.8333333333333335,3.1666666666666665,4.833333333333333
Study 3,163,3.5,2.6666666666666665,3.8333333333333335,2.3333333333333335,4.166666666666667
Study 3,164,2.5,2.6666666666666665,3.0,3.1666666666666665,3.6666666666666665
Study 3,165,3.1666666666666665,3.6666666666666665,3.1666666666666665,2.1666666666666665,3.0
Study 3,166,3.0,4.0,4.0,2.0,3.5
Study 3,167,3.6666666666666665,4.833333333333333,4.0,2.5,4.666666666666667
Study 3,168,2.1666666666666665,3.0,2.3333333333333335,4.166666666666667,3.0
Study 3,169,2.5,3.3333333333333335,3.6666666666666665,4.333333333333333,4.0
Study 3,170,1.8333333333333333,3.3333333333333335,2.8333333333333335,3.8333333333333335,3.0
Study 3,171,1.8333333333333333,4.5,1.6666666666666667,3.0,3.6666666666666665
Study 3,172,3.5,4.333333333333333,4.166666666666667,1.1666666666666667,4.833333333333333
Study 3,173,2.6666666666666665,3.5,2.6666666666666665,2.0,4.0
Study 3,174,3.0,3.5,3.1666666666666665,3.6666666666666665,2.6666666666666665
Study 3,175,1.8333333333333333,4.666666666666667,3.8333333333333335,3.6666666666666665,4.0
Study 3,176,2.3333333333333335,4.0,3.3333333333333335,2.0,4.0
Study 3,177,2.6666666666666665,3.0,3.0,2.6666666666666665,2.6666666666666665
Study 3,178,2.8333333333333335,3.5,1.8333333333333333,2.8333333333333335,5.0
Study 3,179,4.333333333333333,3.6666666666666665,4.333333333333333,1.6666666666666667,3.5
Study 3,180,3.5,3.8333333333333335,3.6666666666666665,2.5,4.333333333333333
Study 3,181,3.1666666666666665,3.8333333333333335,3.8333333333333335,1.6666666666666667,3.5
Study 3,182,3.0,4.0,4.333333333333333,2.8333333333333335,3.0
Study 3,183,2.0,3.8333333333333335,3.8333333333333335,2.8333333333333335,3.0
Study 3,184,4.333333333333333,4.666666666666667,4.5,1.0,4.333333333333333
Study 3,185,2.1666666666666665,4.5,4.666666666666667,2.0,4.666666666666667
Study 3,186,3.0,4.0,4.0,1.8333333333333333,4.0
Study 3,187,2.1666666666666665,2.6666666666666665,3.5,3.8333333333333335,4.0
Study 3,188,3.8333333333333335,4.166666666666667,4.0,2.0,4.0
Study 3,189,2.8333333333333335,3.3333333333333335,3.1666666666666665,2.8333333333333335,3.3333333333333335
Study 3,190,2.1666666666666665,4.5,4.5,2.8333333333333335,2.3333333333333335
Study 3,191,2.8333333333333335,3.1666666666666665,2.8333333333333335,2.5,3.0
Study 3,192,2.6666666666666665,2.8333333333333335,3.1666666666666665,3.1666666666666665,3.0
Study 3,193,1.6666666666666667,3.3333333333333335,3.1666666666666665,4.333333333333333,3.1666666666666665
Study 3,194,3.1666666666666665,4.0,4.333333333333333,2.0,5.0
Study 3,195,3.0,3.6666666666666665,3.5,2.8333333333333335,3.1666666666666665
Study 3,196,3.6666666666666665,4.5,4.0,1.6666666666666667,3.8333333333333335
Study 3,197,3.1666666666666665,2.1666666666666665,3.5,2.8333333333333335,3.0
Study 3,198,3.0,2.8333333333333335,2.8333333333333335,3.3333333333333335,3.3333333333333335
Study 3,199,2.8333333333333335,2.5,3.1666666666666665,3.1666666666666665,3.1666666666666665
Study 3,200,2.3333333333333335,4.666666666666667,4.166666666666667,2.8333333333333335,4.5
Study 3,201,3.6666666666666665,4.166666666666667,4.333333333333333,1.5,3.3333333333333335
Study 3,202,3.6666666666666665,4.0,3.1666666666666665,2.1666666666666665,4.0
Study 3,203,4.0,3.6666666666666665,4.166666666666667,1.8333333333333333,3.8333333333333335
Study 3,204,2.6666666666666665,4.166666666666667,3.5,2.6666666666666665,3.6666666666666665
Study 3,205,2.6666666666666665,3.8333333333333335,3.8333333333333335,2.1666666666666665,3.6666666666666665
Study 3,206,4.166666666666667,4.333333333333333,4.833333333333333,1.5,4.166666666666667
Study 3,207,2.1666666666666665,2.1666666666666665,2.1666666666666665,2.3333333333333335,4.166666666666667
Study 3,208,2.3333333333333335,3.1666666666666665,3.8333333333333335,3.6666666666666665,3.0
Study 3,209,3.5,4.5,4.333333333333333,1.8333333333333333,4.166666666666667
Study 3,210,3.0,5.0,5.0,2.3333333333333335,2.6666666666666665
Study 3,211,2.5,3.0,3.3333333333333335,2.6666666666666665,3.6666666666666665
Study 3,212,4.166666666666667,4.166666666666667,4.166666666666667,1.8333333333333333,4.0
Study 3,213,3.1666666666666665,3.3333333333333335,4.0,3.1666666666666665,3.6666666666666665
Study 3,214,2.6666666666666665,3.3333333333333335,3.3333333333333335,2.3333333333333335,3.5
Study 3,215,3.0,3.5,3.0,3.6666666666666665,2.8333333333333335
Study 3,216,4.333333333333333,4.833333333333333,5.0,1.0,4.666666666666667
Study 3,217,2.3333333333333335,3.6666666666666665,2.8333333333333335,2.6666666666666665,3.1666666666666665
Study 3,218,3.0,3.0,3.3333333333333335,2.8333333333333335,3.3333333333333335
Study 3,219,1.3333333333333333,4.5,3.0,4.333333333333333,4.666666666666667
Study 3,221,3.1666666666666665,3.3333333333333335,2.6666666666666665,3.1666666666666665,3.0
Study 3,222,3.0,3.0,3.0,3.0,3.0
Study 3,223,3.0,3.0,3.0,3.0,2.8333333333333335
Study 3,224,5.0,4.833333333333333,5.0,1.6666666666666667,5.0
Study 3,225,2.8333333333333335,4.333333333333333,4.333333333333333,1.6666666666666667,3.8333333333333335
Study 3,226,3.0,3.0,3.1666666666666665,3.1666666666666665,3.1666666666666665
Study 3,227,4.333333333333333,5.0,5.0,1.0,5.0
Study 3,229,3.1666666666666665,3.1666666666666665,3.3333333333333335,3.1666666666666665,3.3333333333333335
Study 3,230,3.5,4.0,4.333333333333333,2.0,3.1666666666666665
Study 3,231,2.8333333333333335,5.0,4.0,2.6666666666666665,3.8333333333333335
Study 3,232,3.3333333333333335,3.6666666666666665,3.8333333333333335,2.0,3.0
Study 3,233,3.1666666666666665,4.0,3.0,3.3333333333333335,3.5
Study 3,234,2.0,3.8333333333333335,2.0,2.0,3.8333333333333335
Study 3,235,2.3333333333333335,3.5,3.3333333333333335,3.0,3.0
Study 3,236,4.0,3.1666666666666665,3.6666666666666665,3.8333333333333335,4.5
Study 3,237,3.1666666666666665,3.0,3.5,2.3333333333333335,4.0
Study 3,238,4.0,4.666666666666667,5.0,1.0,4.666666666666667
Study 3,239,3.0,4.5,4.333333333333333,2.0,2.6666666666666665
Study 3,240,3.1666666666666665,3.1666666666666665,3.0,3.0,3.1666666666666665
Study 3,244,3.8333333333333335,4.5,4.833333333333333,1.0,5.0
Study 3,245,3.1666666666666665,2.3333333333333335,2.8333333333333335,2.5,2.3333333333333335
Study 3,246,2.8333333333333335,4.833333333333333,4.166666666666667,1.5,3.1666666666666665
Study 3,247,2.5,4.833333333333333,3.5,1.3333333333333333,3.6666666666666665
Study 3,248,2.6666666666666665,3.0,3.6666666666666665,2.5,3.0
Study 3,249,3.1666666666666665,3.3333333333333335,3.0,2.1666666666666665,3.5
Study 3,250,3.1666666666666665,3.1666666666666665,3.1666666666666665,2.8333333333333335,3.0
Study 3,251,2.5,3.8333333333333335,4.0,2.0,3.6666666666666665
Study 3,252,2.5,3.0,3.0,2.6666666666666665,3.0
Study 3,254,2.8333333333333335,3.1666666666666665,2.5,3.0,2.8333333333333335
Study 3,256,3.5,4.0,3.5,1.6666666666666667,3.1666666666666665
Study 3,257,3.0,2.8333333333333335,3.3333333333333335,3.1666666666666665,3.3333333333333335
Study 3,258,2.5,3.8333333333333335,3.6666666666666665,2.0,3.1666666666666665
Study 3,261,2.3333333333333335,5.0,3.5,1.6666666666666667,3.1666666666666665
Study 3,262,3.0,3.1666666666666665,4.333333333333333,3.5,4.833333333333333
Study 3,263,2.5,4.833333333333333,4.666666666666667,1.8333333333333333,4.833333333333333
Study 3,264,2.8333333333333335,4.666666666666667,3.6666666666666665,2.0,3.6666666666666665
Study 3,265,2.8333333333333335,3.5,4.166666666666667,3.0,2.5
Study 3,266,1.3333333333333333,3.0,2.5,3.5,4.166666666666667
Study 3,267,2.0,3.5,3.8333333333333335,3.5,2.0
Study 3,268,3.0,3.0,3.0,3.0,3.0
Study 3,269,3.0,3.0,3.0,3.0,3.0
Study 3,270,2.3333333333333335,4.333333333333333,4.333333333333333,3.1666666666666665,3.8333333333333335
Study 3,271,2.3333333333333335,3.6666666666666665,3.8333333333333335,3.0,3.1666666666666665
Study 3,272,3.8333333333333335,4.5,5.0,1.3333333333333333,4.0
Study 3,273,2.8333333333333335,3.8333333333333335,4.166666666666667,2.8333333333333335,3.3333333333333335
Study 3,274,1.6666666666666667,3.1666666666666665,2.0,2.1666666666666665,2.3333333333333335
Study 3,275,2.0,3.8333333333333335,4.666666666666667,2.1666666666666665,4.0
Study 3,276,2.5,3.3333333333333335,2.8333333333333335,2.5,4.0
Study 3,277,4.833333333333333,3.0,3.5,2.1666666666666665,2.8333333333333335
Study 3,278,1.8333333333333333,4.333333333333333,3.6666666666666665,3.0,3.6666666666666665
Study 3,280,3.1666666666666665,3.1666666666666665,3.5,2.8333333333333335,3.0
Study 3,281,3.0,3.8333333333333335,4.166666666666667,2.5,3.6666666666666665
Study 3,282,2.0,4.166666666666667,2.3333333333333335,3.5,4.166666666666667
Study 3,283,3.3333333333333335,3.8333333333333335,4.333333333333333,2.5,3.3333333333333335
Study 3,285,2.6666666666666665,3.1666666666666665,3.5,3.0,4.166666666666667
Study 3,286,3.3333333333333335,2.8333333333333335,3.1666666666666665,3.0,2.8333333333333335
Study 3,288,2.6666666666666665,3.8333333333333335,2.6666666666666665,3.6666666666666665,3.6666666666666665
Study 3,290,3.1666666666666665,3.1666666666666665,3.5,3.0,2.8333333333333335
Study 3,291,4.666666666666667,3.5,4.666666666666667,1.1666666666666667,5.0
Study 3,292,3.6666666666666665,4.333333333333333,4.5,1.8333333333333333,4.666666666666667
Study 3,293,2.5,3.3333333333333335,3.6666666666666665,1.6666666666666667,5.0
Study 3,295,3.3333333333333335,4.0,3.8333333333333335,1.8333333333333333,2.5
Study 3,296,3.0,3.3333333333333335,3.0,2.1666666666666665,2.6666666666666665
Study 3,297,1.8333333333333333,3.5,3.5,3.5,2.8333333333333335
Study 3,298,3.0,2.6666666666666665,3.3333333333333335,3.8333333333333335,4.833333333333333
Study 3,299,2.3333333333333335,3.8333333333333335,4.0,2.1666666666666665,4.0
Study 3,300,2.6666666666666665,3.8333333333333335,3.5,2.8333333333333335,3.5
Study 3,301,3.0,4.666666666666667,4.833333333333333,3.1666666666666665,3.3333333333333335
Study 3,302,3.1666666666666665,3.3333333333333335,4.0,2.1666666666666665,3.5
Study 3,303,3.6666666666666665,4.666666666666667,2.1666666666666665,2.1666666666666665,4.5
Study 3,304,2.6666666666666665,3.0,2.8333333333333335,3.0,2.8333333333333335
Study 3,305,3.3333333333333335,2.6666666666666665,3.0,3.3333333333333335,3.3333333333333335
Study 3,307,2.5,3.3333333333333335,2.0,2.8333333333333335,3.0
Study 3,308,2.5,2.6666666666666665,3.8333333333333335,2.6666666666666665,2.3333333333333335
Study 3,309,3.0,2.8333333333333335,3.0,2.8333333333333335,2.8333333333333335
Study 3,310,3.8333333333333335,4.333333333333333,4.0,2.0,4.166666666666667
Study 3,311,3.0,4.166666666666667,4.166666666666667,3.0,4.0
Study 3,312,2.0,3.0,3.0,3.0,4.666666666666667
Study 3,313,1.5,2.6666666666666665,1.5,4.333333333333333,4.666666666666667
Study 3,314,3.5,3.8333333333333335,2.3333333333333335,2.0,3.1666666666666665
Study 3,315,3.8333333333333335,3.8333333333333335,4.5,1.6666666666666667,3.8333333333333335
Study 3,316,3.1666666666666665,3.5,3.0,3.1666666666666665,3.1666666666666665
Study 3,317,3.1666666666666665,2.6666666666666665,3.0,3.3333333333333335,3.5
Study 3,318,3.1666666666666665,2.8333333333333335,2.8333333333333335,3.1666666666666665,3.5
Study 3,319,2.8333333333333335,3.5,2.6666666666666665,2.3333333333333335,3.0
Study 3,320,2.6666666666666665,3.0,4.0,2.3333333333333335,3.8333333333333335
Study 3,321,4.333333333333333,4.333333333333333,3.8333333333333335,1.3333333333333333,5.0
Study 3,322,3.5,3.5,3.6666666666666665,2.0,3.3333333333333335
Study 3,324,2.8333333333333335,2.6666666666666665,3.3333333333333335,3.1666666666666665,3.3333333333333335
Study 3,333,2.5,3.8333333333333335,3.3333333333333335,2.8333333333333335,3.6666666666666665
Study 3,334,2.3333333333333335,2.6666666666666665,3.6666666666666665,2.5,3.6666666666666665
Study 3,335,2.8333333333333335,3.5,3.5,2.1666666666666665,3.1666666666666665
Study 3,337,3.0,4.166666666666667,3.8333333333333335,1.8333333333333333,3.3333333333333335
Study 3,339,3.0,4.0,4.833333333333333,1.8333333333333333,3.8333333333333335
Study 3,340,1.0,4.666666666666667,4.833333333333333,3.1666666666666665,3.1666666666666665
Study 3,341,2.6666666666666665,3.8333333333333335,3.8333333333333335,1.8333333333333333,1.8333333333333333
Study 3,342,2.3333333333333335,2.6666666666666665,2.3333333333333335,4.333333333333333,4.0
Study 3,344,2.6666666666666665,2.5,3.1666666666666665,2.3333333333333335,2.5
Study 3,345,3.1666666666666665,4.666666666666667,3.3333333333333335,1.5,3.6666666666666665
Study 3,346,1.6666666666666667,4.0,2.1666666666666665,2.6666666666666665,3.8333333333333335
Study 3,347,2.1666666666666665,4.833333333333333,3.6666666666666665,2.8333333333333335,4.166666666666667
